                  epoch,         train/box_loss,         train/cls_loss,         train/dfl_loss,   metrics/precision(B),      metrics/recall(B),       metrics/mAP50(B),    metrics/mAP50-95(B),           val/box_loss,           val/cls_loss,           val/dfl_loss,                 lr/pg0,                 lr/pg1,                 lr/pg2
                      1,                 3.0492,                 4.1262,                 1.9405,                0.47134,                0.01745,                0.00639,                0.00162,                 3.2725,                 4.1236,                 1.9511,             0.00022223,             0.00022223,             0.00022223
                      2,                 2.7884,                 3.5433,                 1.7809,                0.24503,                0.05506,                0.01603,                0.00511,                 2.9295,                 3.6478,                 1.7606,             0.00035654,             0.00035654,             0.00035654
                      3,                 2.6902,                 3.3926,                  1.733,                0.15326,                0.05932,                0.01854,                0.00553,                 2.9185,                 3.8352,                 1.7613,              0.0004028,              0.0004028,              0.0004028
                      4,                 2.5908,                 3.2633,                 1.6832,                0.17818,                  0.105,                0.03972,                0.01327,                 2.7087,                 3.1839,                 1.6402,              0.0002708,              0.0002708,              0.0002708
                      5,                 2.5396,                  3.164,                 1.6482,                0.20264,                0.12118,                0.05063,                0.01757,                 2.6963,                 3.1064,                 1.6662,              0.0002708,              0.0002708,              0.0002708
